---,ColourName,Material,Index,TextLabel,PrimaryColour,SecondaryColour,FullPath,FileName
Row0,"LEGACY1","Legacy - Concrete",0,"White & Orange","[1.0, 1.0, 1.0]","[1.0, 0.444, 0.229]","g:\Apps\nms_utils\export\colours\images\LEGACY1.jpg","LEGACY1.jpg"
Row1,"LEGACY1","Legacy - Rust",16777216,"White & Orange","[1.0, 1.0, 1.0]","[1.0, 0.444, 0.229]","g:\Apps\nms_utils\export\colours\images\LEGACY1.jpg","LEGACY1.jpg"
Row2,"LEGACY1","Legacy - Stone",33554432,"White & Orange","[1.0, 1.0, 1.0]","[1.0, 0.444, 0.229]","g:\Apps\nms_utils\export\colours\images\LEGACY1.jpg","LEGACY1.jpg"
Row3,"LEGACY1","Legacy - Wood",50331648,"White & Orange","[1.0, 1.0, 1.0]","[1.0, 0.444, 0.229]","g:\Apps\nms_utils\export\colours\images\LEGACY1.jpg","LEGACY1.jpg"
Row4,"LEGACY2","Legacy - Concrete",1,"Black & Yellow","[0.137, 0.137, 0.137]","[0.817, 0.616, 0.147]","g:\Apps\nms_utils\export\colours\images\LEGACY2.jpg","LEGACY2.jpg"
Row5,"LEGACY2","Legacy - Rust",16777217,"Black & Yellow","[0.137, 0.137, 0.137]","[0.817, 0.616, 0.147]","g:\Apps\nms_utils\export\colours\images\LEGACY2.jpg","LEGACY2.jpg"
Row6,"LEGACY2","Legacy - Stone",33554433,"Black & Yellow","[0.137, 0.137, 0.137]","[0.817, 0.616, 0.147]","g:\Apps\nms_utils\export\colours\images\LEGACY2.jpg","LEGACY2.jpg"
Row7,"LEGACY2","Legacy - Wood",50331649,"Black & Yellow","[0.137, 0.137, 0.137]","[0.817, 0.616, 0.147]","g:\Apps\nms_utils\export\colours\images\LEGACY2.jpg","LEGACY2.jpg"
Row8,"LEGACY3","Legacy - Concrete",2,"Yellow & Blue","[0.94, 0.845, 0.152]","[0.241, 0.692, 0.867]","g:\Apps\nms_utils\export\colours\images\LEGACY3.jpg","LEGACY3.jpg"
Row9,"LEGACY3","Legacy - Rust",16777218,"Yellow & Blue","[0.94, 0.845, 0.152]","[0.241, 0.692, 0.867]","g:\Apps\nms_utils\export\colours\images\LEGACY3.jpg","LEGACY3.jpg"
Row10,"LEGACY3","Legacy - Stone",33554434,"Yellow & Blue","[0.94, 0.845, 0.152]","[0.241, 0.692, 0.867]","g:\Apps\nms_utils\export\colours\images\LEGACY3.jpg","LEGACY3.jpg"
Row11,"LEGACY3","Legacy - Wood",50331650,"Yellow & Blue","[0.94, 0.845, 0.152]","[0.241, 0.692, 0.867]","g:\Apps\nms_utils\export\colours\images\LEGACY3.jpg","LEGACY3.jpg"
Row12,"LEGACY4","Legacy - Concrete",3,"Teal","[0.78, 0.98, 0.9]","[0.537, 0.803, 0.792]","g:\Apps\nms_utils\export\colours\images\LEGACY4.jpg","LEGACY4.jpg"
Row13,"LEGACY4","Legacy - Rust",16777219,"Teal","[0.78, 0.98, 0.9]","[0.537, 0.803, 0.792]","g:\Apps\nms_utils\export\colours\images\LEGACY4.jpg","LEGACY4.jpg"
Row14,"LEGACY4","Legacy - Stone",33554435,"Teal","[0.78, 0.98, 0.9]","[0.537, 0.803, 0.792]","g:\Apps\nms_utils\export\colours\images\LEGACY4.jpg","LEGACY4.jpg"
Row15,"LEGACY4","Legacy - Wood",50331651,"Teal","[0.78, 0.98, 0.9]","[0.537, 0.803, 0.792]","g:\Apps\nms_utils\export\colours\images\LEGACY4.jpg","LEGACY4.jpg"
Row16,"LEGACY5","Legacy - Concrete",4,"Blue & White","[0.45, 0.608, 0.793]","[1.0, 1.0, 1.0]","g:\Apps\nms_utils\export\colours\images\LEGACY5.jpg","LEGACY5.jpg"
Row17,"LEGACY5","Legacy - Rust",16777220,"Blue & White","[0.45, 0.608, 0.793]","[1.0, 1.0, 1.0]","g:\Apps\nms_utils\export\colours\images\LEGACY5.jpg","LEGACY5.jpg"
Row18,"LEGACY5","Legacy - Stone",33554436,"Blue & White","[0.45, 0.608, 0.793]","[1.0, 1.0, 1.0]","g:\Apps\nms_utils\export\colours\images\LEGACY5.jpg","LEGACY5.jpg"
Row19,"LEGACY5","Legacy - Wood",50331652,"Blue & White","[0.45, 0.608, 0.793]","[1.0, 1.0, 1.0]","g:\Apps\nms_utils\export\colours\images\LEGACY5.jpg","LEGACY5.jpg"
Row20,"LEGACY6","Legacy - Concrete",5,"Blue & Orange","[0.248, 0.393, 0.563]","[1.0, 0.548, 0.095]","g:\Apps\nms_utils\export\colours\images\LEGACY6.jpg","LEGACY6.jpg"
Row21,"LEGACY6","Legacy - Rust",16777221,"Blue & Orange","[0.248, 0.393, 0.563]","[1.0, 0.548, 0.095]","g:\Apps\nms_utils\export\colours\images\LEGACY6.jpg","LEGACY6.jpg"
Row22,"LEGACY6","Legacy - Stone",33554437,"Blue & Orange","[0.248, 0.393, 0.563]","[1.0, 0.548, 0.095]","g:\Apps\nms_utils\export\colours\images\LEGACY6.jpg","LEGACY6.jpg"
Row23,"LEGACY6","Legacy - Wood",50331653,"Blue & Orange","[0.248, 0.393, 0.563]","[1.0, 0.548, 0.095]","g:\Apps\nms_utils\export\colours\images\LEGACY6.jpg","LEGACY6.jpg"
Row24,"LEGACY7","Legacy - Concrete",6,"Purple & Blue","[0.464, 0.415, 0.62]","[0.717, 0.843, 0.867]","g:\Apps\nms_utils\export\colours\images\LEGACY7.jpg","LEGACY7.jpg"
Row25,"LEGACY7","Legacy - Rust",16777222,"Purple & Blue","[0.464, 0.415, 0.62]","[0.717, 0.843, 0.867]","g:\Apps\nms_utils\export\colours\images\LEGACY7.jpg","LEGACY7.jpg"
Row26,"LEGACY7","Legacy - Stone",33554438,"Purple & Blue","[0.464, 0.415, 0.62]","[0.717, 0.843, 0.867]","g:\Apps\nms_utils\export\colours\images\LEGACY7.jpg","LEGACY7.jpg"
Row27,"LEGACY7","Legacy - Wood",50331654,"Purple & Blue","[0.464, 0.415, 0.62]","[0.717, 0.843, 0.867]","g:\Apps\nms_utils\export\colours\images\LEGACY7.jpg","LEGACY7.jpg"
Row28,"LEGACY8","Legacy - Concrete",7,"Lilac & Purple","[0.767, 0.648, 0.757]","[0.388, 0.265, 0.477]","g:\Apps\nms_utils\export\colours\images\LEGACY8.jpg","LEGACY8.jpg"
Row29,"LEGACY8","Legacy - Rust",16777223,"Lilac & Purple","[0.767, 0.648, 0.757]","[0.388, 0.265, 0.477]","g:\Apps\nms_utils\export\colours\images\LEGACY8.jpg","LEGACY8.jpg"
Row30,"LEGACY8","Legacy - Stone",33554439,"Lilac & Purple","[0.767, 0.648, 0.757]","[0.388, 0.265, 0.477]","g:\Apps\nms_utils\export\colours\images\LEGACY8.jpg","LEGACY8.jpg"
Row31,"LEGACY8","Legacy - Wood",50331655,"Lilac & Purple","[0.767, 0.648, 0.757]","[0.388, 0.265, 0.477]","g:\Apps\nms_utils\export\colours\images\LEGACY8.jpg","LEGACY8.jpg"
Row32,"LEGACY9","Legacy - Concrete",8,"Red & White","[0.717, 0.179, 0.179]","[1.0, 1.0, 1.0]","g:\Apps\nms_utils\export\colours\images\LEGACY9.jpg","LEGACY9.jpg"
Row33,"LEGACY9","Legacy - Rust",16777224,"Red & White","[0.717, 0.179, 0.179]","[1.0, 1.0, 1.0]","g:\Apps\nms_utils\export\colours\images\LEGACY9.jpg","LEGACY9.jpg"
Row34,"LEGACY9","Legacy - Stone",33554440,"Red & White","[0.717, 0.179, 0.179]","[1.0, 1.0, 1.0]","g:\Apps\nms_utils\export\colours\images\LEGACY9.jpg","LEGACY9.jpg"
Row35,"LEGACY9","Legacy - Wood",50331656,"Red & White","[0.717, 0.179, 0.179]","[1.0, 1.0, 1.0]","g:\Apps\nms_utils\export\colours\images\LEGACY9.jpg","LEGACY9.jpg"
Row36,"LEGACY10","Legacy - Concrete",9,"Orange & Blue","[0.837, 0.48, 0.221]","[0.238, 0.438, 0.55]","g:\Apps\nms_utils\export\colours\images\LEGACY10.jpg","LEGACY10.jpg"
Row37,"LEGACY10","Legacy - Rust",16777225,"Orange & Blue","[0.837, 0.48, 0.221]","[0.238, 0.438, 0.55]","g:\Apps\nms_utils\export\colours\images\LEGACY10.jpg","LEGACY10.jpg"
Row38,"LEGACY10","Legacy - Stone",33554441,"Orange & Blue","[0.837, 0.48, 0.221]","[0.238, 0.438, 0.55]","g:\Apps\nms_utils\export\colours\images\LEGACY10.jpg","LEGACY10.jpg"
Row39,"LEGACY10","Legacy - Wood",50331657,"Orange & Blue","[0.837, 0.48, 0.221]","[0.238, 0.438, 0.55]","g:\Apps\nms_utils\export\colours\images\LEGACY10.jpg","LEGACY10.jpg"
Row40,"LEGACY11","Legacy - Concrete",10,"Yellow & White","[0.86, 0.664, 0.394]","[1.0, 1.0, 1.0]","g:\Apps\nms_utils\export\colours\images\LEGACY11.jpg","LEGACY11.jpg"
Row41,"LEGACY11","Legacy - Rust",16777226,"Yellow & White","[0.86, 0.664, 0.394]","[1.0, 1.0, 1.0]","g:\Apps\nms_utils\export\colours\images\LEGACY11.jpg","LEGACY11.jpg"
Row42,"LEGACY11","Legacy - Stone",33554442,"Yellow & White","[0.86, 0.664, 0.394]","[1.0, 1.0, 1.0]","g:\Apps\nms_utils\export\colours\images\LEGACY11.jpg","LEGACY11.jpg"
Row43,"LEGACY11","Legacy - Wood",50331658,"Yellow & White","[0.86, 0.664, 0.394]","[1.0, 1.0, 1.0]","g:\Apps\nms_utils\export\colours\images\LEGACY11.jpg","LEGACY11.jpg"
Row44,"LEGACY12","Legacy - Concrete",11,"Green","[0.535, 0.627, 0.428]","[0.345, 0.407, 0.279]","g:\Apps\nms_utils\export\colours\images\LEGACY12.jpg","LEGACY12.jpg"
Row45,"LEGACY12","Legacy - Rust",16777227,"Green","[0.535, 0.627, 0.428]","[0.345, 0.407, 0.279]","g:\Apps\nms_utils\export\colours\images\LEGACY12.jpg","LEGACY12.jpg"
Row46,"LEGACY12","Legacy - Stone",33554443,"Green","[0.535, 0.627, 0.428]","[0.345, 0.407, 0.279]","g:\Apps\nms_utils\export\colours\images\LEGACY12.jpg","LEGACY12.jpg"
Row47,"LEGACY12","Legacy - Wood",50331659,"Green","[0.535, 0.627, 0.428]","[0.345, 0.407, 0.279]","g:\Apps\nms_utils\export\colours\images\LEGACY12.jpg","LEGACY12.jpg"
Row48,"LEGACY13","Legacy - Concrete",12,"Blue & Red","[0.518, 0.713, 0.75]","[0.763, 0.378, 0.293]","g:\Apps\nms_utils\export\colours\images\LEGACY13.jpg","LEGACY13.jpg"
Row49,"LEGACY13","Legacy - Rust",16777228,"Blue & Red","[0.518, 0.713, 0.75]","[0.763, 0.378, 0.293]","g:\Apps\nms_utils\export\colours\images\LEGACY13.jpg","LEGACY13.jpg"
Row50,"LEGACY13","Legacy - Stone",33554444,"Blue & Red","[0.518, 0.713, 0.75]","[0.763, 0.378, 0.293]","g:\Apps\nms_utils\export\colours\images\LEGACY13.jpg","LEGACY13.jpg"
Row51,"LEGACY13","Legacy - Wood",50331660,"Blue & Red","[0.518, 0.713, 0.75]","[0.763, 0.378, 0.293]","g:\Apps\nms_utils\export\colours\images\LEGACY13.jpg","LEGACY13.jpg"
Row52,"LEGACY14","Legacy - Concrete",13,"Purple & Yellow","[0.542, 0.425, 0.613]","[0.877, 0.735, 0.33]","g:\Apps\nms_utils\export\colours\images\LEGACY14.jpg","LEGACY14.jpg"
Row53,"LEGACY14","Legacy - Rust",16777229,"Purple & Yellow","[0.542, 0.425, 0.613]","[0.877, 0.735, 0.33]","g:\Apps\nms_utils\export\colours\images\LEGACY14.jpg","LEGACY14.jpg"
Row54,"LEGACY14","Legacy - Stone",33554445,"Purple & Yellow","[0.542, 0.425, 0.613]","[0.877, 0.735, 0.33]","g:\Apps\nms_utils\export\colours\images\LEGACY14.jpg","LEGACY14.jpg"
Row55,"LEGACY14","Legacy - Wood",50331661,"Purple & Yellow","[0.542, 0.425, 0.613]","[0.877, 0.735, 0.33]","g:\Apps\nms_utils\export\colours\images\LEGACY14.jpg","LEGACY14.jpg"
Row56,"LEGACY15","Legacy - Concrete",14,"Grey & Black","[0.63, 0.63, 0.63]","[0.0, 0.0, 0.0]","g:\Apps\nms_utils\export\colours\images\LEGACY15.jpg","LEGACY15.jpg"
Row57,"LEGACY15","Legacy - Rust",16777230,"Grey & Black","[0.63, 0.63, 0.63]","[0.0, 0.0, 0.0]","g:\Apps\nms_utils\export\colours\images\LEGACY15.jpg","LEGACY15.jpg"
Row58,"LEGACY15","Legacy - Stone",33554446,"Grey & Black","[0.63, 0.63, 0.63]","[0.0, 0.0, 0.0]","g:\Apps\nms_utils\export\colours\images\LEGACY15.jpg","LEGACY15.jpg"
Row59,"LEGACY15","Legacy - Wood",50331662,"Grey & Black","[0.63, 0.63, 0.63]","[0.0, 0.0, 0.0]","g:\Apps\nms_utils\export\colours\images\LEGACY15.jpg","LEGACY15.jpg"
Row60,"LEGACY16","Legacy - Concrete",15,"Grey & Red","[0.487, 0.487, 0.487]","[0.73, 0.218, 0.218]","g:\Apps\nms_utils\export\colours\images\LEGACY16.jpg","LEGACY16.jpg"
Row61,"LEGACY16","Legacy - Rust",16777231,"Grey & Red","[0.487, 0.487, 0.487]","[0.73, 0.218, 0.218]","g:\Apps\nms_utils\export\colours\images\LEGACY16.jpg","LEGACY16.jpg"
Row62,"LEGACY16","Legacy - Stone",33554447,"Grey & Red","[0.487, 0.487, 0.487]","[0.73, 0.218, 0.218]","g:\Apps\nms_utils\export\colours\images\LEGACY16.jpg","LEGACY16.jpg"
Row63,"LEGACY16","Legacy - Wood",50331663,"Grey & Red","[0.487, 0.487, 0.487]","[0.73, 0.218, 0.218]","g:\Apps\nms_utils\export\colours\images\LEGACY16.jpg","LEGACY16.jpg"
Row64,"STONENATURAL1","Stone - Polished Stone",23,"Pink & Natural","[0.875, 0.796, 0.678]","[0.836, 0.709, 0.652]","g:\Apps\nms_utils\export\colours\images\STONENATURAL1.jpg","STONENATURAL1.jpg"
Row65,"STONENATURAL1","Stone - Aged Stone",16777239,"Pink & Natural","[0.875, 0.796, 0.678]","[0.836, 0.709, 0.652]","g:\Apps\nms_utils\export\colours\images\STONENATURAL1.jpg","STONENATURAL1.jpg"
Row66,"STONENATURAL2","Stone - Polished Stone",24,"Natural & Brown","[0.731, 0.665, 0.532]","[0.863, 0.8, 0.671]","g:\Apps\nms_utils\export\colours\images\STONENATURAL2.jpg","STONENATURAL2.jpg"
Row67,"STONENATURAL2","Stone - Aged Stone",16777240,"Natural & Brown","[0.731, 0.665, 0.532]","[0.863, 0.8, 0.671]","g:\Apps\nms_utils\export\colours\images\STONENATURAL2.jpg","STONENATURAL2.jpg"
Row68,"STONENATURAL3","Stone - Polished Stone",25,"Grey & Red","[0.813, 0.629, 0.526]","[0.813, 0.784, 0.733]","g:\Apps\nms_utils\export\colours\images\STONENATURAL3.jpg","STONENATURAL3.jpg"
Row69,"STONENATURAL3","Stone - Aged Stone",16777241,"Grey & Red","[0.813, 0.629, 0.526]","[0.813, 0.784, 0.733]","g:\Apps\nms_utils\export\colours\images\STONENATURAL3.jpg","STONENATURAL3.jpg"
Row70,"STONENATURAL4","Stone - Polished Stone",26,"Pink & Grey","[0.76, 0.736, 0.701]","[0.863, 0.708, 0.676]","g:\Apps\nms_utils\export\colours\images\STONENATURAL4.jpg","STONENATURAL4.jpg"
Row71,"STONENATURAL4","Stone - Aged Stone",16777242,"Pink & Grey","[0.76, 0.736, 0.701]","[0.863, 0.708, 0.676]","g:\Apps\nms_utils\export\colours\images\STONENATURAL4.jpg","STONENATURAL4.jpg"
Row72,"STONEBLUE1","Stone - Polished Stone",27,"Blue & Red","[0.807, 0.648, 0.508]","[0.637, 0.683, 0.818]","g:\Apps\nms_utils\export\colours\images\STONEBLUE1.jpg","STONEBLUE1.jpg"
Row73,"STONEBLUE1","Stone - Aged Stone",16777243,"Blue & Red","[0.807, 0.648, 0.508]","[0.637, 0.683, 0.818]","g:\Apps\nms_utils\export\colours\images\STONEBLUE1.jpg","STONEBLUE1.jpg"
Row74,"STONEBLUE2","Stone - Polished Stone",28,"Teal & Blue","[0.707, 0.762, 0.862]","[0.583, 0.688, 0.751]","g:\Apps\nms_utils\export\colours\images\STONEBLUE2.jpg","STONEBLUE2.jpg"
Row75,"STONEBLUE2","Stone - Aged Stone",16777244,"Teal & Blue","[0.707, 0.762, 0.862]","[0.583, 0.688, 0.751]","g:\Apps\nms_utils\export\colours\images\STONEBLUE2.jpg","STONEBLUE2.jpg"
Row76,"STONEBLUE3","Stone - Polished Stone",29,"Blue & Grey","[0.732, 0.736, 0.742]","[0.602, 0.675, 0.751]","g:\Apps\nms_utils\export\colours\images\STONEBLUE3.jpg","STONEBLUE3.jpg"
Row77,"STONEBLUE3","Stone - Aged Stone",16777245,"Blue & Grey","[0.732, 0.736, 0.742]","[0.602, 0.675, 0.751]","g:\Apps\nms_utils\export\colours\images\STONEBLUE3.jpg","STONEBLUE3.jpg"
Row78,"STONEGREEN1","Stone - Polished Stone",30,"Blue & Green","[0.689, 0.744, 0.668]","[0.581, 0.651, 0.637]","g:\Apps\nms_utils\export\colours\images\STONEGREEN1.jpg","STONEGREEN1.jpg"
Row79,"STONEGREEN1","Stone - Aged Stone",16777246,"Blue & Green","[0.689, 0.744, 0.668]","[0.581, 0.651, 0.637]","g:\Apps\nms_utils\export\colours\images\STONEGREEN1.jpg","STONEGREEN1.jpg"
Row80,"STONEGREEN2","Stone - Polished Stone",31,"Grey & Green","[0.569, 0.642, 0.565]","[0.644, 0.651, 0.59]","g:\Apps\nms_utils\export\colours\images\STONEGREEN2.jpg","STONEGREEN2.jpg"
Row81,"STONEGREEN2","Stone - Aged Stone",16777247,"Grey & Green","[0.569, 0.642, 0.565]","[0.644, 0.651, 0.59]","g:\Apps\nms_utils\export\colours\images\STONEGREEN2.jpg","STONEGREEN2.jpg"
Row82,"STONEGREEN3","Stone - Polished Stone",32,"Green & Red","[0.656, 0.564, 0.543]","[0.546, 0.667, 0.645]","g:\Apps\nms_utils\export\colours\images\STONEGREEN3.jpg","STONEGREEN3.jpg"
Row83,"STONEGREEN3","Stone - Aged Stone",16777248,"Green & Red","[0.656, 0.564, 0.543]","[0.546, 0.667, 0.645]","g:\Apps\nms_utils\export\colours\images\STONEGREEN3.jpg","STONEGREEN3.jpg"
Row84,"STONEROYAL1","Stone - Polished Stone",33,"Golden Royal","[0.838, 0.696, 0.484]","[0.902, 0.767, 0.575]","g:\Apps\nms_utils\export\colours\images\STONEROYAL1.jpg","STONEROYAL1.jpg"
Row85,"STONEROYAL1","Stone - Aged Stone",16777249,"Golden Royal","[0.838, 0.696, 0.484]","[0.902, 0.767, 0.575]","g:\Apps\nms_utils\export\colours\images\STONEROYAL1.jpg","STONEROYAL1.jpg"
Row86,"FIBREGLASS1","Fiberglass - Polished Alloy",50,"White & Orange","[1.0, 0.98, 0.973]","[0.396, 0.486, 0.482]","g:\Apps\nms_utils\export\colours\images\FIBREGLASS1.jpg","FIBREGLASS1.jpg"
Row87,"FIBREGLASS1","Fiberglass - Rusted Alloy",16777266,"White & Orange","[1.0, 0.98, 0.973]","[0.396, 0.486, 0.482]","g:\Apps\nms_utils\export\colours\images\FIBREGLASS1.jpg","FIBREGLASS1.jpg"
Row88,"FIBREGLASS2","Fiberglass - Polished Alloy",51,"Grey & Red","[0.843, 0.827, 0.761]","[0.49, 0.58, 0.612]","g:\Apps\nms_utils\export\colours\images\FIBREGLASS2.jpg","FIBREGLASS2.jpg"
Row89,"FIBREGLASS2","Fiberglass - Rusted Alloy",16777267,"Grey & Red","[0.843, 0.827, 0.761]","[0.49, 0.58, 0.612]","g:\Apps\nms_utils\export\colours\images\FIBREGLASS2.jpg","FIBREGLASS2.jpg"
Row90,"FIBREGLASS3","Fiberglass - Polished Alloy",52,"Orange & Teal","[0.922, 0.741, 0.565]","[0.435, 0.286, 0.235]","g:\Apps\nms_utils\export\colours\images\FIBREGLASS3.jpg","FIBREGLASS3.jpg"
Row91,"FIBREGLASS3","Fiberglass - Rusted Alloy",16777268,"Orange & Teal","[0.922, 0.741, 0.565]","[0.435, 0.286, 0.235]","g:\Apps\nms_utils\export\colours\images\FIBREGLASS3.jpg","FIBREGLASS3.jpg"
Row92,"FIBREGLASS4","Fiberglass - Polished Alloy",53,"Blue & Orange","[0.667, 0.839, 0.953]","[0.137, 0.165, 0.212]","g:\Apps\nms_utils\export\colours\images\FIBREGLASS4.jpg","FIBREGLASS4.jpg"
Row93,"FIBREGLASS4","Fiberglass - Rusted Alloy",16777269,"Blue & Orange","[0.667, 0.839, 0.953]","[0.137, 0.165, 0.212]","g:\Apps\nms_utils\export\colours\images\FIBREGLASS4.jpg","FIBREGLASS4.jpg"
Row94,"FIBREGLASS5","Fiberglass - Polished Alloy",54,"Green & Grey","[0.749, 0.808, 0.686]","[0.212, 0.212, 0.192]","g:\Apps\nms_utils\export\colours\images\FIBREGLASS5.jpg","FIBREGLASS5.jpg"
Row95,"FIBREGLASS5","Fiberglass - Rusted Alloy",16777270,"Green & Grey","[0.749, 0.808, 0.686]","[0.212, 0.212, 0.192]","g:\Apps\nms_utils\export\colours\images\FIBREGLASS5.jpg","FIBREGLASS5.jpg"
Row96,"FIBREGLASS6","Fiberglass - Polished Alloy",55,"Yellow & Purple","[0.953, 0.831, 0.576]","[0.212, 0.212, 0.192]","g:\Apps\nms_utils\export\colours\images\FIBREGLASS6.jpg","FIBREGLASS6.jpg"
Row97,"FIBREGLASS6","Fiberglass - Rusted Alloy",16777271,"Yellow & Purple","[0.953, 0.831, 0.576]","[0.212, 0.212, 0.192]","g:\Apps\nms_utils\export\colours\images\FIBREGLASS6.jpg","FIBREGLASS6.jpg"
Row98,"FIBREGLASS7","Fiberglass - Polished Alloy",56,"Purple & White","[0.576, 0.49, 0.592]","[0.718, 0.659, 0.561]","g:\Apps\nms_utils\export\colours\images\FIBREGLASS7.jpg","FIBREGLASS7.jpg"
Row99,"FIBREGLASS7","Fiberglass - Rusted Alloy",16777272,"Purple & White","[0.576, 0.49, 0.592]","[0.718, 0.659, 0.561]","g:\Apps\nms_utils\export\colours\images\FIBREGLASS7.jpg","FIBREGLASS7.jpg"
Row100,"FIBREGLASS8","Fiberglass - Polished Alloy",57,"Red & Grey","[0.659, 0.498, 0.471]","[0.612, 0.718, 0.714]","g:\Apps\nms_utils\export\colours\images\FIBREGLASS8.jpg","FIBREGLASS8.jpg"
Row101,"FIBREGLASS8","Fiberglass - Rusted Alloy",16777273,"Red & Grey","[0.659, 0.498, 0.471]","[0.612, 0.718, 0.714]","g:\Apps\nms_utils\export\colours\images\FIBREGLASS8.jpg","FIBREGLASS8.jpg"
Row102,"TIMBERBASIC1","Timber - Polished Timber",74,"Oak","[0.731, 0.626, 0.511]","[0.731, 0.626, 0.511]","g:\Apps\nms_utils\export\colours\images\TIMBERBASIC1.jpg","TIMBERBASIC1.jpg"
Row103,"TIMBERBASIC1","Timber - Weathered Timber",16777290,"Oak","[0.731, 0.626, 0.511]","[0.731, 0.626, 0.511]","g:\Apps\nms_utils\export\colours\images\TIMBERBASIC1.jpg","TIMBERBASIC1.jpg"
Row104,"TIMBERBASIC2","Timber - Polished Timber",75,"Pine","[0.875, 0.796, 0.678]","[0.875, 0.796, 0.678]","g:\Apps\nms_utils\export\colours\images\TIMBERBASIC2.jpg","TIMBERBASIC2.jpg"
Row105,"TIMBERBASIC2","Timber - Weathered Timber",16777291,"Pine","[0.875, 0.796, 0.678]","[0.875, 0.796, 0.678]","g:\Apps\nms_utils\export\colours\images\TIMBERBASIC2.jpg","TIMBERBASIC2.jpg"
Row106,"TIMBERBASIC3","Timber - Polished Timber",76,"Pine & Mahogany","[0.875, 0.796, 0.678]","[0.509, 0.476, 0.426]","g:\Apps\nms_utils\export\colours\images\TIMBERBASIC3.jpg","TIMBERBASIC3.jpg"
Row107,"TIMBERBASIC3","Timber - Weathered Timber",16777292,"Pine & Mahogany","[0.875, 0.796, 0.678]","[0.509, 0.476, 0.426]","g:\Apps\nms_utils\export\colours\images\TIMBERBASIC3.jpg","TIMBERBASIC3.jpg"
Row108,"TIMBERBASIC4","Timber - Polished Timber",77,"Mahogany","[0.5, 0.391, 0.318]","[0.5, 0.391, 0.318]","g:\Apps\nms_utils\export\colours\images\TIMBERBASIC4.jpg","TIMBERBASIC4.jpg"
Row109,"TIMBERBASIC4","Timber - Weathered Timber",16777293,"Mahogany","[0.5, 0.391, 0.318]","[0.5, 0.391, 0.318]","g:\Apps\nms_utils\export\colours\images\TIMBERBASIC4.jpg","TIMBERBASIC4.jpg"
Row110,"TIMBERSTAINED1","Timber - Polished Timber",78,"Teal & Oak","[0.497, 0.653, 0.619]","[0.742, 0.67, 0.583]","g:\Apps\nms_utils\export\colours\images\TIMBERSTAINED1.jpg","TIMBERSTAINED1.jpg"
Row111,"TIMBERSTAINED1","Timber - Weathered Timber",16777294,"Teal & Oak","[0.497, 0.653, 0.619]","[0.742, 0.67, 0.583]","g:\Apps\nms_utils\export\colours\images\TIMBERSTAINED1.jpg","TIMBERSTAINED1.jpg"
Row112,"TIMBERSTAINED2","Timber - Polished Timber",79,"Grey Oak & Red","[0.509, 0.476, 0.426]","[0.776, 0.494, 0.376]","g:\Apps\nms_utils\export\colours\images\TIMBERSTAINED2.jpg","TIMBERSTAINED2.jpg"
Row113,"TIMBERSTAINED2","Timber - Weathered Timber",16777295,"Grey Oak & Red","[0.509, 0.476, 0.426]","[0.776, 0.494, 0.376]","g:\Apps\nms_utils\export\colours\images\TIMBERSTAINED2.jpg","TIMBERSTAINED2.jpg"
Row114,"TIMBERSTAINED3","Timber - Polished Timber",80,"Pine & Blue","[0.887, 0.814, 0.704]","[0.659, 0.721, 0.893]","g:\Apps\nms_utils\export\colours\images\TIMBERSTAINED3.jpg","TIMBERSTAINED3.jpg"
Row115,"TIMBERSTAINED3","Timber - Weathered Timber",16777296,"Pine & Blue","[0.887, 0.814, 0.704]","[0.659, 0.721, 0.893]","g:\Apps\nms_utils\export\colours\images\TIMBERSTAINED3.jpg","TIMBERSTAINED3.jpg"
Row116,"TIMBERSTAINED4","Timber - Polished Timber",81,"Pine & Purple","[0.891, 0.791, 0.59]","[0.693, 0.526, 0.561]","g:\Apps\nms_utils\export\colours\images\TIMBERSTAINED4.jpg","TIMBERSTAINED4.jpg"
Row117,"TIMBERSTAINED4","Timber - Weathered Timber",16777297,"Pine & Purple","[0.891, 0.791, 0.59]","[0.693, 0.526, 0.561]","g:\Apps\nms_utils\export\colours\images\TIMBERSTAINED4.jpg","TIMBERSTAINED4.jpg"
Row118,"TIMBERROYAL1","Timber - Polished Timber",82,"Golden Pine & Oak","[0.956, 0.79, 0.458]","[0.741, 0.616, 0.478]","g:\Apps\nms_utils\export\colours\images\TIMBERROYAL1.jpg","TIMBERROYAL1.jpg"
Row119,"TIMBERROYAL1","Timber - Weathered Timber",16777298,"Golden Pine & Oak","[0.956, 0.79, 0.458]","[0.741, 0.616, 0.478]","g:\Apps\nms_utils\export\colours\images\TIMBERROYAL1.jpg","TIMBERROYAL1.jpg"
Row120,"BUILDERS1","Salvaged - Polished Salvage",34,"White & Black","[1.0, 1.0, 1.0]","[0.396, 0.486, 0.482]","g:\Apps\nms_utils\export\colours\images\BUILDERS1.jpg","BUILDERS1.jpg"
Row121,"BUILDERS1","Salvaged - Rusted Salvage",16777250,"White & Black","[1.0, 1.0, 1.0]","[0.396, 0.486, 0.482]","g:\Apps\nms_utils\export\colours\images\BUILDERS1.jpg","BUILDERS1.jpg"
Row122,"BUILDERS2","Salvaged - Polished Salvage",35,"Tan & Silver","[0.813, 0.783, 0.656]","[0.49, 0.58, 0.612]","g:\Apps\nms_utils\export\colours\images\BUILDERS2.jpg","BUILDERS2.jpg"
Row123,"BUILDERS2","Salvaged - Rusted Salvage",16777251,"Tan & Silver","[0.813, 0.783, 0.656]","[0.49, 0.58, 0.612]","g:\Apps\nms_utils\export\colours\images\BUILDERS2.jpg","BUILDERS2.jpg"
Row124,"BUILDERS3","Salvaged - Polished Salvage",36,"Olive & Bronze","[0.43, 0.5, 0.395]","[0.435, 0.286, 0.235]","g:\Apps\nms_utils\export\colours\images\BUILDERS3.jpg","BUILDERS3.jpg"
Row125,"BUILDERS3","Salvaged - Rusted Salvage",16777252,"Olive & Bronze","[0.43, 0.5, 0.395]","[0.435, 0.286, 0.235]","g:\Apps\nms_utils\export\colours\images\BUILDERS3.jpg","BUILDERS3.jpg"
Row126,"BUILDERS4","Salvaged - Polished Salvage",37,"Orange & Silver","[0.9, 0.58, 0.45]","[0.137, 0.165, 0.212]","g:\Apps\nms_utils\export\colours\images\BUILDERS4.jpg","BUILDERS4.jpg"
Row127,"BUILDERS4","Salvaged - Rusted Salvage",16777253,"Orange & Silver","[0.9, 0.58, 0.45]","[0.137, 0.165, 0.212]","g:\Apps\nms_utils\export\colours\images\BUILDERS4.jpg","BUILDERS4.jpg"
Row128,"BUILDERS5","Salvaged - Polished Salvage",38,"Black & Gold","[0.35, 0.35, 0.33]","[0.212, 0.212, 0.192]","g:\Apps\nms_utils\export\colours\images\BUILDERS5.jpg","BUILDERS5.jpg"
Row129,"BUILDERS5","Salvaged - Rusted Salvage",16777254,"Black & Gold","[0.35, 0.35, 0.33]","[0.212, 0.212, 0.192]","g:\Apps\nms_utils\export\colours\images\BUILDERS5.jpg","BUILDERS5.jpg"
Row130,"BUILDERS6","Salvaged - Polished Salvage",39,"Blue & Rose Gold","[0.545, 0.622, 0.707]","[0.212, 0.212, 0.192]","g:\Apps\nms_utils\export\colours\images\BUILDERS6.jpg","BUILDERS6.jpg"
Row131,"BUILDERS6","Salvaged - Rusted Salvage",16777255,"Blue & Rose Gold","[0.545, 0.622, 0.707]","[0.212, 0.212, 0.192]","g:\Apps\nms_utils\export\colours\images\BUILDERS6.jpg","BUILDERS6.jpg"
Row132,"BUILDERS7","Salvaged - Polished Salvage",40,"Grey & Silver","[1.0, 0.98, 0.973]","[0.396, 0.486, 0.482]","g:\Apps\nms_utils\export\colours\images\BUILDERS7.jpg","BUILDERS7.jpg"
Row133,"BUILDERS7","Salvaged - Rusted Salvage",16777256,"Grey & Silver","[1.0, 0.98, 0.973]","[0.396, 0.486, 0.482]","g:\Apps\nms_utils\export\colours\images\BUILDERS7.jpg","BUILDERS7.jpg"
Row134,"BUILDERS8","Salvaged - Polished Salvage",41,"Green & Silver","[0.578, 0.64, 0.545]","[0.612, 0.718, 0.714]","g:\Apps\nms_utils\export\colours\images\BUILDERS8.jpg","BUILDERS8.jpg"
Row135,"BUILDERS8","Salvaged - Rusted Salvage",16777257,"Green & Silver","[0.578, 0.64, 0.545]","[0.612, 0.718, 0.714]","g:\Apps\nms_utils\export\colours\images\BUILDERS8.jpg","BUILDERS8.jpg"
Row136,"BIGGS0","Corvette - Gloss Finish",99,"Light Grey & Orange","[0.921569, 0.921569, 0.921569]","[1.0, 0.541176, 0.192157]","g:\Apps\nms_utils\export\colours\images\BIGGS0.jpg","BIGGS0.jpg"
Row137,"BIGGS0","Corvette - Inverted Gloss Finish",16777315,"Light Grey & Orange","[0.921569, 0.921569, 0.921569]","[1.0, 0.541176, 0.192157]","g:\Apps\nms_utils\export\colours\images\BIGGS0.jpg","BIGGS0.jpg"
Row138,"BIGGS0","Corvette - Weathered Finish",33554531,"Light Grey & Orange","[0.921569, 0.921569, 0.921569]","[1.0, 0.541176, 0.192157]","g:\Apps\nms_utils\export\colours\images\BIGGS0.jpg","BIGGS0.jpg"
Row139,"BIGGS0","Corvette - Metallic Finish",50331747,"Light Grey & Orange","[0.921569, 0.921569, 0.921569]","[1.0, 0.541176, 0.192157]","g:\Apps\nms_utils\export\colours\images\BIGGS0.jpg","BIGGS0.jpg"
Row140,"BIGGS1","Corvette - Gloss Finish",100,"Green & Dark Olive","[0.396078, 0.501961, 0.247059]","[0.364706, 0.368627, 0.203922]","g:\Apps\nms_utils\export\colours\images\BIGGS1.jpg","BIGGS1.jpg"
Row141,"BIGGS1","Corvette - Inverted Gloss Finish",16777316,"Green & Dark Olive","[0.396078, 0.501961, 0.247059]","[0.364706, 0.368627, 0.203922]","g:\Apps\nms_utils\export\colours\images\BIGGS1.jpg","BIGGS1.jpg"
Row142,"BIGGS1","Corvette - Weathered Finish",33554532,"Green & Dark Olive","[0.396078, 0.501961, 0.247059]","[0.364706, 0.368627, 0.203922]","g:\Apps\nms_utils\export\colours\images\BIGGS1.jpg","BIGGS1.jpg"
Row143,"BIGGS1","Corvette - Metallic Finish",50331748,"Green & Dark Olive","[0.396078, 0.501961, 0.247059]","[0.364706, 0.368627, 0.203922]","g:\Apps\nms_utils\export\colours\images\BIGGS1.jpg","BIGGS1.jpg"
Row144,"BIGGS2","Corvette - Gloss Finish",101,"Red & Light Grey","[0.75969, 0.223787, 0.223787]","[0.923423, 0.923423, 0.923423]","g:\Apps\nms_utils\export\colours\images\BIGGS2.jpg","BIGGS2.jpg"
Row145,"BIGGS2","Corvette - Inverted Gloss Finish",16777317,"Red & Light Grey","[0.75969, 0.223787, 0.223787]","[0.923423, 0.923423, 0.923423]","g:\Apps\nms_utils\export\colours\images\BIGGS2.jpg","BIGGS2.jpg"
Row146,"BIGGS2","Corvette - Weathered Finish",33554533,"Red & Light Grey","[0.75969, 0.223787, 0.223787]","[0.923423, 0.923423, 0.923423]","g:\Apps\nms_utils\export\colours\images\BIGGS2.jpg","BIGGS2.jpg"
Row147,"BIGGS2","Corvette - Metallic Finish",50331749,"Red & Light Grey","[0.75969, 0.223787, 0.223787]","[0.923423, 0.923423, 0.923423]","g:\Apps\nms_utils\export\colours\images\BIGGS2.jpg","BIGGS2.jpg"
Row148,"BIGGS3","Corvette - Gloss Finish",102,"Orange & Black","[1.0, 0.698039, 0.0]","[0.324031, 0.235926, 0.235926]","g:\Apps\nms_utils\export\colours\images\BIGGS3.jpg","BIGGS3.jpg"
Row149,"BIGGS3","Corvette - Inverted Gloss Finish",16777318,"Orange & Black","[1.0, 0.698039, 0.0]","[0.324031, 0.235926, 0.235926]","g:\Apps\nms_utils\export\colours\images\BIGGS3.jpg","BIGGS3.jpg"
Row150,"BIGGS3","Corvette - Weathered Finish",33554534,"Orange & Black","[1.0, 0.698039, 0.0]","[0.324031, 0.235926, 0.235926]","g:\Apps\nms_utils\export\colours\images\BIGGS3.jpg","BIGGS3.jpg"
Row151,"BIGGS3","Corvette - Metallic Finish",50331750,"Orange & Black","[1.0, 0.698039, 0.0]","[0.324031, 0.235926, 0.235926]","g:\Apps\nms_utils\export\colours\images\BIGGS3.jpg","BIGGS3.jpg"
Row152,"BIGGS4","Corvette - Gloss Finish",103,"White & Black","[1.0, 1.0, 1.0]","[0.071318, 0.067657, 0.067657]","g:\Apps\nms_utils\export\colours\images\BIGGS4.jpg","BIGGS4.jpg"
Row153,"BIGGS4","Corvette - Inverted Gloss Finish",16777319,"White & Black","[1.0, 1.0, 1.0]","[0.071318, 0.067657, 0.067657]","g:\Apps\nms_utils\export\colours\images\BIGGS4.jpg","BIGGS4.jpg"
Row154,"BIGGS4","Corvette - Weathered Finish",33554535,"White & Black","[1.0, 1.0, 1.0]","[0.071318, 0.067657, 0.067657]","g:\Apps\nms_utils\export\colours\images\BIGGS4.jpg","BIGGS4.jpg"
Row155,"BIGGS4","Corvette - Metallic Finish",50331751,"White & Black","[1.0, 1.0, 1.0]","[0.071318, 0.067657, 0.067657]","g:\Apps\nms_utils\export\colours\images\BIGGS4.jpg","BIGGS4.jpg"
Row156,"BIGGS5","Corvette - Gloss Finish",104,"Cobalt & Orange","[0.315187, 0.430228, 0.717829]","[1.0, 0.701961, 0.12549]","g:\Apps\nms_utils\export\colours\images\BIGGS5.jpg","BIGGS5.jpg"
Row157,"BIGGS5","Corvette - Inverted Gloss Finish",16777320,"Cobalt & Orange","[0.315187, 0.430228, 0.717829]","[1.0, 0.701961, 0.12549]","g:\Apps\nms_utils\export\colours\images\BIGGS5.jpg","BIGGS5.jpg"
Row158,"BIGGS5","Corvette - Weathered Finish",33554536,"Cobalt & Orange","[0.315187, 0.430228, 0.717829]","[1.0, 0.701961, 0.12549]","g:\Apps\nms_utils\export\colours\images\BIGGS5.jpg","BIGGS5.jpg"
Row159,"BIGGS5","Corvette - Metallic Finish",50331752,"Cobalt & Orange","[0.315187, 0.430228, 0.717829]","[1.0, 0.701961, 0.12549]","g:\Apps\nms_utils\export\colours\images\BIGGS5.jpg","BIGGS5.jpg"
Row160,"BIGGS6","Corvette - Gloss Finish",105,"Blue & Light Grey","[0.313726, 0.529412, 0.686275]","[0.85098, 0.831373, 0.780392]","g:\Apps\nms_utils\export\colours\images\BIGGS6.jpg","BIGGS6.jpg"
Row161,"BIGGS6","Corvette - Inverted Gloss Finish",16777321,"Blue & Light Grey","[0.313726, 0.529412, 0.686275]","[0.85098, 0.831373, 0.780392]","g:\Apps\nms_utils\export\colours\images\BIGGS6.jpg","BIGGS6.jpg"
Row162,"BIGGS6","Corvette - Weathered Finish",33554537,"Blue & Light Grey","[0.313726, 0.529412, 0.686275]","[0.85098, 0.831373, 0.780392]","g:\Apps\nms_utils\export\colours\images\BIGGS6.jpg","BIGGS6.jpg"
Row163,"BIGGS6","Corvette - Metallic Finish",50331753,"Blue & Light Grey","[0.313726, 0.529412, 0.686275]","[0.85098, 0.831373, 0.780392]","g:\Apps\nms_utils\export\colours\images\BIGGS6.jpg","BIGGS6.jpg"
Row164,"BIGGS7","Corvette - Gloss Finish",106,"Dark Brown & Light Brown","[0.501961, 0.435294, 0.34902]","[0.72549, 0.639216, 0.435294]","g:\Apps\nms_utils\export\colours\images\BIGGS7.jpg","BIGGS7.jpg"
Row165,"BIGGS7","Corvette - Inverted Gloss Finish",16777322,"Dark Brown & Light Brown","[0.501961, 0.435294, 0.34902]","[0.72549, 0.639216, 0.435294]","g:\Apps\nms_utils\export\colours\images\BIGGS7.jpg","BIGGS7.jpg"
Row166,"BIGGS7","Corvette - Weathered Finish",33554538,"Dark Brown & Light Brown","[0.501961, 0.435294, 0.34902]","[0.72549, 0.639216, 0.435294]","g:\Apps\nms_utils\export\colours\images\BIGGS7.jpg","BIGGS7.jpg"
Row167,"BIGGS7","Corvette - Metallic Finish",50331754,"Dark Brown & Light Brown","[0.501961, 0.435294, 0.34902]","[0.72549, 0.639216, 0.435294]","g:\Apps\nms_utils\export\colours\images\BIGGS7.jpg","BIGGS7.jpg"
Row168,"BIGGS8","Corvette - Gloss Finish",107,"Cream & Green","[0.70632, 0.671813, 0.580519]","[0.381558, 0.470588, 0.352941]","g:\Apps\nms_utils\export\colours\images\BIGGS8.jpg","BIGGS8.jpg"
Row169,"BIGGS8","Corvette - Inverted Gloss Finish",16777323,"Cream & Green","[0.70632, 0.671813, 0.580519]","[0.381558, 0.470588, 0.352941]","g:\Apps\nms_utils\export\colours\images\BIGGS8.jpg","BIGGS8.jpg"
Row170,"BIGGS8","Corvette - Weathered Finish",33554539,"Cream & Green","[0.70632, 0.671813, 0.580519]","[0.381558, 0.470588, 0.352941]","g:\Apps\nms_utils\export\colours\images\BIGGS8.jpg","BIGGS8.jpg"
Row171,"BIGGS8","Corvette - Metallic Finish",50331755,"Cream & Green","[0.70632, 0.671813, 0.580519]","[0.381558, 0.470588, 0.352941]","g:\Apps\nms_utils\export\colours\images\BIGGS8.jpg","BIGGS8.jpg"
Row172,"BIGGS9","Corvette - Gloss Finish",108,"Maroon & Sky Blue","[0.446512, 0.260607, 0.214734]","[0.72549, 0.854902, 0.831373]","g:\Apps\nms_utils\export\colours\images\BIGGS9.jpg","BIGGS9.jpg"
Row173,"BIGGS9","Corvette - Inverted Gloss Finish",16777324,"Maroon & Sky Blue","[0.446512, 0.260607, 0.214734]","[0.72549, 0.854902, 0.831373]","g:\Apps\nms_utils\export\colours\images\BIGGS9.jpg","BIGGS9.jpg"
Row174,"BIGGS9","Corvette - Weathered Finish",33554540,"Maroon & Sky Blue","[0.446512, 0.260607, 0.214734]","[0.72549, 0.854902, 0.831373]","g:\Apps\nms_utils\export\colours\images\BIGGS9.jpg","BIGGS9.jpg"
Row175,"BIGGS9","Corvette - Metallic Finish",50331756,"Maroon & Sky Blue","[0.446512, 0.260607, 0.214734]","[0.72549, 0.854902, 0.831373]","g:\Apps\nms_utils\export\colours\images\BIGGS9.jpg","BIGGS9.jpg"
Row176,"BIGGS10","Corvette - Gloss Finish",109,"Purple & Yellow","[0.462745, 0.396078, 0.462745]","[0.807752, 0.74125, 0.333168]","g:\Apps\nms_utils\export\colours\images\BIGGS10.jpg","BIGGS10.jpg"
Row177,"BIGGS10","Corvette - Inverted Gloss Finish",16777325,"Purple & Yellow","[0.462745, 0.396078, 0.462745]","[0.807752, 0.74125, 0.333168]","g:\Apps\nms_utils\export\colours\images\BIGGS10.jpg","BIGGS10.jpg"
Row178,"BIGGS10","Corvette - Weathered Finish",33554541,"Purple & Yellow","[0.462745, 0.396078, 0.462745]","[0.807752, 0.74125, 0.333168]","g:\Apps\nms_utils\export\colours\images\BIGGS10.jpg","BIGGS10.jpg"
Row179,"BIGGS10","Corvette - Metallic Finish",50331757,"Purple & Yellow","[0.462745, 0.396078, 0.462745]","[0.807752, 0.74125, 0.333168]","g:\Apps\nms_utils\export\colours\images\BIGGS10.jpg","BIGGS10.jpg"
Row180,"BIGGS11","Corvette - Gloss Finish",110,"Grey & Dark Grey","[0.615686, 0.615686, 0.615686]","[0.309804, 0.27451, 0.27451]","g:\Apps\nms_utils\export\colours\images\BIGGS11.jpg","BIGGS11.jpg"
Row181,"BIGGS11","Corvette - Inverted Gloss Finish",16777326,"Grey & Dark Grey","[0.615686, 0.615686, 0.615686]","[0.309804, 0.27451, 0.27451]","g:\Apps\nms_utils\export\colours\images\BIGGS11.jpg","BIGGS11.jpg"
Row182,"BIGGS11","Corvette - Weathered Finish",33554542,"Grey & Dark Grey","[0.615686, 0.615686, 0.615686]","[0.309804, 0.27451, 0.27451]","g:\Apps\nms_utils\export\colours\images\BIGGS11.jpg","BIGGS11.jpg"
Row183,"BIGGS11","Corvette - Metallic Finish",50331758,"Grey & Dark Grey","[0.615686, 0.615686, 0.615686]","[0.309804, 0.27451, 0.27451]","g:\Apps\nms_utils\export\colours\images\BIGGS11.jpg","BIGGS11.jpg"
Row184,"BIGGS12","Corvette - Gloss Finish",111,"Turquoise & Teal","[0.443822, 0.698198, 0.56925]","[0.270588, 0.360784, 0.376471]","g:\Apps\nms_utils\export\colours\images\BIGGS12.jpg","BIGGS12.jpg"
Row185,"BIGGS12","Corvette - Inverted Gloss Finish",16777327,"Turquoise & Teal","[0.443822, 0.698198, 0.56925]","[0.270588, 0.360784, 0.376471]","g:\Apps\nms_utils\export\colours\images\BIGGS12.jpg","BIGGS12.jpg"
Row186,"BIGGS12","Corvette - Weathered Finish",33554543,"Turquoise & Teal","[0.443822, 0.698198, 0.56925]","[0.270588, 0.360784, 0.376471]","g:\Apps\nms_utils\export\colours\images\BIGGS12.jpg","BIGGS12.jpg"
Row187,"BIGGS12","Corvette - Metallic Finish",50331759,"Turquoise & Teal","[0.443822, 0.698198, 0.56925]","[0.270588, 0.360784, 0.376471]","g:\Apps\nms_utils\export\colours\images\BIGGS12.jpg","BIGGS12.jpg"
Row188,"BIGGS13","Corvette - Gloss Finish",112,"Beige & Dark Orange","[0.854902, 0.819608, 0.72549]","[0.678431, 0.294118, 0.117647]","g:\Apps\nms_utils\export\colours\images\BIGGS13.jpg","BIGGS13.jpg"
Row189,"BIGGS13","Corvette - Inverted Gloss Finish",16777328,"Beige & Dark Orange","[0.854902, 0.819608, 0.72549]","[0.678431, 0.294118, 0.117647]","g:\Apps\nms_utils\export\colours\images\BIGGS13.jpg","BIGGS13.jpg"
Row190,"BIGGS13","Corvette - Weathered Finish",33554544,"Beige & Dark Orange","[0.854902, 0.819608, 0.72549]","[0.678431, 0.294118, 0.117647]","g:\Apps\nms_utils\export\colours\images\BIGGS13.jpg","BIGGS13.jpg"
Row191,"BIGGS13","Corvette - Metallic Finish",50331760,"Beige & Dark Orange","[0.854902, 0.819608, 0.72549]","[0.678431, 0.294118, 0.117647]","g:\Apps\nms_utils\export\colours\images\BIGGS13.jpg","BIGGS13.jpg"
Row192,"BIGGS14","Corvette - Gloss Finish",113,"Dark Grey & Blue","[0.309804, 0.301961, 0.243137]","[0.456105, 0.543945, 0.644961]","g:\Apps\nms_utils\export\colours\images\BIGGS14.jpg","BIGGS14.jpg"
Row193,"BIGGS14","Corvette - Inverted Gloss Finish",16777329,"Dark Grey & Blue","[0.309804, 0.301961, 0.243137]","[0.456105, 0.543945, 0.644961]","g:\Apps\nms_utils\export\colours\images\BIGGS14.jpg","BIGGS14.jpg"
Row194,"BIGGS14","Corvette - Weathered Finish",33554545,"Dark Grey & Blue","[0.309804, 0.301961, 0.243137]","[0.456105, 0.543945, 0.644961]","g:\Apps\nms_utils\export\colours\images\BIGGS14.jpg","BIGGS14.jpg"
Row195,"BIGGS14","Corvette - Metallic Finish",50331761,"Dark Grey & Blue","[0.309804, 0.301961, 0.243137]","[0.456105, 0.543945, 0.644961]","g:\Apps\nms_utils\export\colours\images\BIGGS14.jpg","BIGGS14.jpg"
Row196,"BIGGS15","Corvette - Gloss Finish",114,"Grey & Purple","[0.780392, 0.811765, 0.780392]","[0.529412, 0.435294, 0.501961]","g:\Apps\nms_utils\export\colours\images\BIGGS15.jpg","BIGGS15.jpg"
Row197,"BIGGS15","Corvette - Inverted Gloss Finish",16777330,"Grey & Purple","[0.780392, 0.811765, 0.780392]","[0.529412, 0.435294, 0.501961]","g:\Apps\nms_utils\export\colours\images\BIGGS15.jpg","BIGGS15.jpg"
Row198,"BIGGS15","Corvette - Weathered Finish",33554546,"Grey & Purple","[0.780392, 0.811765, 0.780392]","[0.529412, 0.435294, 0.501961]","g:\Apps\nms_utils\export\colours\images\BIGGS15.jpg","BIGGS15.jpg"
Row199,"BIGGS15","Corvette - Metallic Finish",50331762,"Grey & Purple","[0.780392, 0.811765, 0.780392]","[0.529412, 0.435294, 0.501961]","g:\Apps\nms_utils\export\colours\images\BIGGS15.jpg","BIGGS15.jpg"
